HHW42RDX,BAD,XBBF20
HHW8HJR6,BAD,XBBF20
HHW54KK2,BAD,XBBF20
HHW9DPNW,BAD,XBBF20
HHWAA6A9,BAD,XBBF20
HJQ1R8J1,BAD,XBBF20
HJQ9JM30,BAD,XBBF20
HJQRFXGT,BAD,XBBF20
HHW544PV,BAD,XBBF11
HHW5T5Y7,BAD,XBBF11
HHW62DXY,BAD,XBBF11
HHW6NMHF,BAD,XBBF11
HHW9R0WR,BAD,XBBF11
HHWDC932,BAD,XBBF11
HHWE6VQ4,BAD,XBBF11
HHWFY0YM,BAD,XBBF11
HHWFW1QD,GOOD,GOOD
HJA2HMHJ,GOOD,GOOD
HJA5WFAJ,GOOD,GOOD
HJA7FR7W,GOOD,GOOD
HJA7K7WF,GOOD,GOOD
HJACYHVK,GOOD,GOOD
HJAD0VVU,GOOD,GOOD
HJAGA1YW,GOOD,GOOD
HJAHCW4C,GOOD,GOOD
HJCH06HA,GOOD,GOOD
HJQGD9V5,GOOD,GOOD
HJQV6EHK,GOOD,GOOD
HJQVY0RT,GOOD,GOOD
HJR0PFD8,GOOD,GOOD
HJR6TV1U,GOOD,GOOD
HK0TGDV3,GOOD,GOOD
